JD,Magnitude,Uncertainty,HQuncertainty,Band,Observer Code,Comment Code(s),Comp Star 1,Comp Star 2,Charts,Comments,Transfomed,Airmass,Validation Flag,Cmag,Kmag,HJD,Star Name,Observer Affiliation,Measurement Method,Grouping Method,ADS Reference,Digitizer,Credit
2460859.543,7.5,,,Vis.,PYG,U,B-1,,072.02,,,,Z,,,,EG AND,BAA-VSS,STD,,,,
2460859.7641,7.4,,,Vis.,BLUA,,73,76,13618AQYH,,,,Z,,,,EG And,AAVSO,STD,,,,
2460861.52222,7.5,,,Vis.,PBYA,,73,76,X28788EJX,15X70 Bin.,,,Z,,,,EG And,AAVSO,STD,,,,
2460861.5476,7.238,0.016,,V,VOL,,HD 3914,HD 3765,X27177DE,,1,1.28,Z,7.025,7.426,,EG AND,AAVSO,STD,,,,
2460862.5429,7.243,0.013,,V,VOL,,HD 3914,HD 3765,X27177DE,,1,1.29,Z,7.025,7.406,,EG AND,AAVSO,STD,,,,
2460864.5924,7.3,,,Vis.,GZN,,70,76,X17295ABK,,,,Z,,,,EG AND,AAVSO,STD,,,,
2460865.5993,7.3,,,Vis.,GZN,,70,76,X17295ABK,,,,Z,,,,EG AND,AAVSO,STD,,,,
2460866.6028,7.3,,,Vis.,GZN,,70,76,X17295ABK,,,,Z,,,,EG AND,AAVSO,STD,,,,
2460868.88333,7.2,,,Vis.,CKB,,70,73,X39573GQL,,,,Z,,,,EG AND,AAVSO,STD,,,,
2460869.77639,7.2,,,Vis.,CKB,U,70,73,X39573GQL,,,,Z,,,,EG AND,AAVSO,STD,,,,
2460871.5903,7.3,,,Vis.,GZN,,70,76,X17295ABK,,,,Z,,,,EG AND,AAVSO,STD,,,,
2460872.5938,7.3,,,Vis.,GZN,,70,76,X17295ABK,,,,Z,,,,EG AND,AAVSO,STD,,,,
2460876.4214,7.254,0.028,,V,VOL,,HD 3914,HD 3765,X27177DE,,1,1.90,Z,7.025,7.379,,EG AND,AAVSO,STD,,,,
2460878.93542,7.2,,,Vis.,CKB,,70,73,X39573GQL,,,,Z,,,,EG AND,AAVSO,STD,,,,
2460879.5591,7.316,0.008,,V,VOL,,HD 3914,HD 3765,X27177DE,,1,1.10,Z,7.025,7.414,,EG AND,AAVSO,STD,,,,
2460880.77153,7.2,,,Vis.,CKB,,70,73,X39573GQL,,,,Z,,,,EG AND,AAVSO,STD,,,,
2460881.6007,7.3,,,Vis.,GZN,,70,76,X17295ABK,,,,Z,,,,EG AND,AAVSO,STD,,,,
2460882.38264,7.3,,,Vis.,VATA,,70,76,X36506HE,,,,Z,,,,EG AND,MCSE,STD,,,,
2460882.5993,7.3,,,Vis.,GZN,,70,76,X17295ABK,,,,Z,,,,EG AND,AAVSO,STD,,,,
2460882.60131,8.8528,0.0043,,B,CDZ,,000-BJS-870,000-BLF-412,X40493AAB,|VMAGINS=-13.4579|CMAGINS=-12.7777|CREFMAG=9.5330|CREFERR=0.0049|KMAGINS=-11.1144|KREFMAG=11.1530|KREFERR=0.0083|Comment = averaged,0,1.115,Z,-12.7777,-11.1144,None,EG And,AAVSO,STD,,,,
2460882.60207,8.893,0.0043,,B,CDZ,,000-BJS-870,000-BLF-412,X40493AAB,|VMAGINS=-13.4179|CMAGINS=-12.7778|CREFMAG=9.5330|CREFERR=0.0049|KMAGINS=-11.1240|KREFMAG=11.1530|KREFERR=0.0083|Comment = averaged,0,1.113,Z,-12.7778,-11.124,None,EG And,AAVSO,STD,,,,
2460882.60282,8.7843,0.0043,,B,CDZ,,000-BJS-870,000-BLF-412,X40493AAB,|VMAGINS=-13.5259|CMAGINS=-12.7773|CREFMAG=9.5330|CREFERR=0.0049|KMAGINS=-11.1238|KREFMAG=11.1530|KREFERR=0.0083|Comment = averaged,0,1.111,Z,-12.7773,-11.1238,None,EG And,AAVSO,STD,,,,
2460882.60357,8.9456,0.0044,,B,CDZ,,000-BJS-870,000-BLF-412,X40493AAB,|VMAGINS=-13.3693|CMAGINS=-12.7819|CREFMAG=9.5330|CREFERR=0.0049|KMAGINS=-11.1171|KREFMAG=11.1530|KREFERR=0.0083|Comment = averaged,0,1.109,Z,-12.7819,-11.1171,None,EG And,AAVSO,STD,,,,
2460882.60433,8.9125,0.0043,,B,CDZ,,000-BJS-870,000-BLF-412,X40493AAB,|VMAGINS=-13.4054|CMAGINS=-12.7849|CREFMAG=9.5330|CREFERR=0.0049|KMAGINS=-11.1384|KREFMAG=11.1530|KREFERR=0.0082|Comment = averaged,0,1.107,Z,-12.7849,-11.1384,None,EG And,AAVSO,STD,,,,
2460882.60508,8.8097,0.0043,,B,CDZ,,000-BJS-870,000-BLF-412,X40493AAB,|VMAGINS=-13.5054|CMAGINS=-12.7821|CREFMAG=9.5330|CREFERR=0.0049|KMAGINS=-11.1252|KREFMAG=11.1530|KREFERR=0.0083|Comment = averaged,0,1.105,Z,-12.7821,-11.1252,None,EG And,AAVSO,STD,,,,
2460882.60584,8.8806,0.0043,,B,CDZ,,000-BJS-870,000-BLF-412,X40493AAB,|VMAGINS=-13.4396|CMAGINS=-12.7872|CREFMAG=9.5330|CREFERR=0.0049|KMAGINS=-11.1261|KREFMAG=11.1530|KREFERR=0.0083|Comment = averaged,0,1.104,Z,-12.7872,-11.1261,None,EG And,AAVSO,STD,,,,
2460882.60659,8.9097,0.0043,,B,CDZ,,000-BJS-870,000-BLF-412,X40493AAB,|VMAGINS=-13.4095|CMAGINS=-12.7862|CREFMAG=9.5330|CREFERR=0.0049|KMAGINS=-11.1271|KREFMAG=11.1530|KREFERR=0.0083|Comment = averaged,0,1.102,Z,-12.7862,-11.1271,None,EG And,AAVSO,STD,,,,
2460882.60734,8.8029,0.0042,,B,CDZ,,000-BJS-870,000-BLF-412,X40493AAB,|VMAGINS=-13.5270|CMAGINS=-12.7969|CREFMAG=9.5330|CREFERR=0.0049|KMAGINS=-11.1248|KREFMAG=11.1530|KREFERR=0.0083|Comment = averaged,0,1.1,Z,-12.7969,-11.1248,None,EG And,AAVSO,STD,,,,
2460882.6081,8.9041,0.0043,,B,CDZ,,000-BJS-870,000-BLF-412,X40493AAB,|VMAGINS=-13.4152|CMAGINS=-12.7863|CREFMAG=9.5330|CREFERR=0.0049|KMAGINS=-11.1490|KREFMAG=11.1530|KREFERR=0.0082|Comment = averaged,0,1.098,Z,-12.7863,-11.149,None,EG And,AAVSO,STD,,,,
2460882.60885,8.8429,0.0043,,B,CDZ,,000-BJS-870,000-BLF-412,X40493AAB,|VMAGINS=-13.4753|CMAGINS=-12.7852|CREFMAG=9.5330|CREFERR=0.0049|KMAGINS=-11.1206|KREFMAG=11.1530|KREFERR=0.0083|Comment = averaged,0,1.096,Z,-12.7852,-11.1206,None,EG And,AAVSO,STD,,,,
2460882.62302,8.9275,0.0043,,B,CDZ,,000-BJS-870,000-BLF-412,X40493AAB,|VMAGINS=-13.3930|CMAGINS=-12.7875|CREFMAG=9.5330|CREFERR=0.0049|KMAGINS=-11.1451|KREFMAG=11.1530|KREFERR=0.0082|Comment = averaged,0,1.067,Z,-12.7875,-11.1451,None,EG And,AAVSO,STD,,,,
2460882.62377,9.1474,0.0045,,B,CDZ,,000-BJS-870,000-BLF-412,X40493AAB,|VMAGINS=-13.1825|CMAGINS=-12.7969|CREFMAG=9.5330|CREFERR=0.0049|KMAGINS=-11.1531|KREFMAG=11.1530|KREFERR=0.0082|Comment = averaged,0,1.066,Z,-12.7969,-11.1531,None,EG And,AAVSO,STD,,,,
2460882.62453,9.0926,0.0044,,B,CDZ,,000-BJS-870,000-BLF-412,X40493AAB,|VMAGINS=-13.2501|CMAGINS=-12.8096|CREFMAG=9.5330|CREFERR=0.0048|KMAGINS=-11.1392|KREFMAG=11.1530|KREFERR=0.0082|Comment = averaged,0,1.064,Z,-12.8096,-11.1392,None,EG And,AAVSO,STD,,,,
2460882.62528,9.0073,0.0044,,B,CDZ,,000-BJS-870,000-BLF-412,X40493AAB,|VMAGINS=-13.3318|CMAGINS=-12.8062|CREFMAG=9.5330|CREFERR=0.0049|KMAGINS=-11.1382|KREFMAG=11.1530|KREFERR=0.0082|Comment = averaged,0,1.063,Z,-12.8062,-11.1382,None,EG And,AAVSO,STD,,,,
2460882.62604,8.9556,0.0043,,B,CDZ,,000-BJS-870,000-BLF-412,X40493AAB,|VMAGINS=-13.3740|CMAGINS=-12.7966|CREFMAG=9.5330|CREFERR=0.0049|KMAGINS=-11.1588|KREFMAG=11.1530|KREFERR=0.0082|Comment = averaged,0,1.061,Z,-12.7966,-11.1588,None,EG And,AAVSO,STD,,,,
2460882.62679,8.8194,0.0042,,B,CDZ,,000-BJS-870,000-BLF-412,X40493AAB,|VMAGINS=-13.5162|CMAGINS=-12.8026|CREFMAG=9.5330|CREFERR=0.0049|KMAGINS=-11.1438|KREFMAG=11.1530|KREFERR=0.0082|Comment = averaged,0,1.06,Z,-12.8026,-11.1438,None,EG And,AAVSO,STD,,,,
2460882.62755,8.7612,0.0042,,B,CDZ,,000-BJS-870,000-BLF-412,X40493AAB,|VMAGINS=-13.5837|CMAGINS=-12.8119|CREFMAG=9.5330|CREFERR=0.0048|KMAGINS=-11.1601|KREFMAG=11.1530|KREFERR=0.0082|Comment = averaged,0,1.059,Z,-12.8119,-11.1601,None,EG And,AAVSO,STD,,,,
2460882.6283,8.8406,0.0042,,B,CDZ,,000-BJS-870,000-BLF-412,X40493AAB,|VMAGINS=-13.4992|CMAGINS=-12.8068|CREFMAG=9.5330|CREFERR=0.0049|KMAGINS=-11.1494|KREFMAG=11.1530|KREFERR=0.0082|Comment = averaged,0,1.057,Z,-12.8068,-11.1494,None,EG And,AAVSO,STD,,,,
2460882.62906,8.7866,0.0042,,B,CDZ,,000-BJS-870,000-BLF-412,X40493AAB,|VMAGINS=-13.5536|CMAGINS=-12.8072|CREFMAG=9.5330|CREFERR=0.0049|KMAGINS=-11.1677|KREFMAG=11.1530|KREFERR=0.0081|Comment = averaged,0,1.056,Z,-12.8072,-11.1677,None,EG And,AAVSO,STD,,,,
2460882.62981,8.7681,0.0042,,B,CDZ,,000-BJS-870,000-BLF-412,X40493AAB,|VMAGINS=-13.5607|CMAGINS=-12.7958|CREFMAG=9.5330|CREFERR=0.0049|KMAGINS=-11.1323|KREFMAG=11.1530|KREFERR=0.0082|Comment = averaged,0,1.055,Z,-12.7958,-11.1323,None,EG And,AAVSO,STD,,,,
2460882.63056,8.8837,0.0043,,B,CDZ,,000-BJS-870,000-BLF-412,X40493AAB,|VMAGINS=-13.4533|CMAGINS=-12.8040|CREFMAG=9.5330|CREFERR=0.0049|KMAGINS=-11.1540|KREFMAG=11.1530|KREFERR=0.0082|Comment = averaged,0,1.054,Z,-12.804,-11.154,None,EG And,AAVSO,STD,,,,
2460882.63132,8.8281,0.0042,,B,CDZ,,000-BJS-870,000-BLF-412,X40493AAB,|VMAGINS=-13.5076|CMAGINS=-12.8027|CREFMAG=9.5330|CREFERR=0.0049|KMAGINS=-11.1464|KREFMAG=11.1530|KREFERR=0.0082|Comment = averaged,0,1.052,Z,-12.8027,-11.1464,None,EG And,AAVSO,STD,,,,
2460882.63207,8.7714,0.0042,,B,CDZ,,000-BJS-870,000-BLF-412,X40493AAB,|VMAGINS=-13.5481|CMAGINS=-12.7864|CREFMAG=9.5330|CREFERR=0.0049|KMAGINS=-11.1428|KREFMAG=11.1530|KREFERR=0.0082|Comment = averaged,0,1.051,Z,-12.7864,-11.1428,None,EG And,AAVSO,STD,,,,
2460882.63283,8.8503,0.0043,,B,CDZ,,000-BJS-870,000-BLF-412,X40493AAB,|VMAGINS=-13.4678|CMAGINS=-12.7851|CREFMAG=9.5330|CREFERR=0.0049|KMAGINS=-11.1513|KREFMAG=11.1530|KREFERR=0.0082|Comment = averaged,0,1.05,Z,-12.7851,-11.1513,None,EG And,AAVSO,STD,,,,
2460883.482639,7.2,,,Vis.,BPHC,,76,70,X40493ACY,,0,,Z,,,,EG And,AAVSO,STD,,,,
2460883.6090,7.3,,,Vis.,GZN,,70,76,X17295ABK,,,,Z,,,,EG AND,AAVSO,STD,,,,
2460884.4910,7.4,,,Vis.,HGUA,,76,70,23189ATR,,,,Z,,,,EG AND,SAAF,STD,,,,
2460884.925,7.2,,,Vis.,CKB,,70,73,X39573GQL,,,,Z,,,,EG AND,AAVSO,STD,,,,
2460885.5097,7.5,,,Vis.,PYG,,B-1,,072.02,,,,Z,,,,EG AND,BAA-VSS,STD,,,,
2460885.78888889,7.1,,,Vis.,CVIC,,70,76,X40401YN,,0,,Z,,,,EG And,AAVSO,STD,,,,
2460886.4886,7.259,0.015,,V,VOL,,HD 3914,HD 3765,X27177DE,,1,1.25,Z,7.025,7.444,,EG AND,AAVSO,STD,,,,
2460890.5139,7.4,,,Vis.,PYG,U,V=B,,072.02,,,,Z,,,,EG AND,BAA-VSS,STD,,,,
2460891.5563,7.275,0.013,,V,VOL,,HD 3914,HD 3765,X27177DE,,1,1.05,Z,7.025,7.434,,EG AND,AAVSO,STD,,,,
2460891.6090,7.3,,,Vis.,GZN,,70,76,X17295ABK,,,,Z,,,,EG AND,AAVSO,STD,,,,
2460892.6139,7.3,,,Vis.,GZN,,70,76,X17295ABK,,,,Z,,,,EG AND,AAVSO,STD,,,,
2460893.6069,7.3,,,Vis.,GZN,,70,76,X17295ABK,,,,Z,,,,EG AND,AAVSO,STD,,,,
2460894.5505,7.247,0.011,,V,VOL,,HD 3914,HD 3765,X27177DE,,1,1.04,Z,7.025,7.427,,EG AND,AAVSO,STD,,,,
2460894.6028,7.3,,,Vis.,GZN,,70,76,X17295ABK,,,,Z,,,,EG AND,AAVSO,STD,,,,
2460895.6069,7.3,,,Vis.,GZN,,70,76,X17295ABK,,,,Z,,,,EG AND,AAVSO,STD,,,,
2460895.96181,7.1,,,Vis.,CKB,,70,73,X39573GQL,,,,Z,,,,EG AND,AAVSO,STD,,,,
2460896.6194,7.4,,,Vis.,GZN,,70,76,X17295ABK,,,,Z,,,,EG AND,AAVSO,STD,,,,
2460897.6229,7.3,,,Vis.,GZN,,70,76,X17295ABK,,,,Z,,,,EG AND,AAVSO,STD,,,,
2460899.5636,7.224,0.008,,V,VOL,,HD 3914,HD 3765,X27177DE,,1,1.02,Z,7.025,7.440,,EG AND,AAVSO,STD,,,,
2460900.38958,7.05,,,Vis.,MPTA,B,70,76,X28757OO,T148mm/ 30x,,,Z,,,,EG And,AAVSO,STD,,,,
2460902.52639,7.4,,,Vis.,VATA,,70,76,X36506HE,,,,Z,,,,EG AND,MCSE,STD,,,,
2460905.3261,7.154,0.016,,V,VOL,,HD 3914,HD 3765,X27177DE,,1,2.10,Z,7.025,7.400,,EG AND,AAVSO,STD,,,,
2460905.63333,7.2,,,Vis.,CKB,,70,73,X39573GQL,,,,Z,,,,EG AND,AAVSO,STD,,,,
2460906.5147,7.217,0.007,,V,VOL,,HD 3914,HD 3765,X27177DE,,1,1.05,Z,7.025,7.424,,EG AND,AAVSO,STD,,,,
2460906.6559,7.4,,,Vis.,BLUA,,73,76,13618AQYH,,,,Z,,,,EG And,AAVSO,STD,,,,
2460908.48,7.5,,,Vis.,JLZ,,69,67,10256X,,,,Z,,,,EG AND,MCSE,STD,,,,
2460910.38194,7.0,,,Vis.,MPTA,U,70,76,X28757OO,B10x50mm,,,Z,,,,EG And,AAVSO,STD,,,,
2460910.6028,7.3,,,Vis.,GZN,,70,76,X17295ABK,,,,Z,,,,EG AND,AAVSO,STD,,,,
2460911.6229,7.3,,,Vis.,GZN,,70,76,X17295ABK,,,,Z,,,,EG AND,AAVSO,STD,,,,
2460912.315,7.8,,,Vis.,OGAA,,76,84,AAVSO X38667TT,,,,Z,,,,EG And,BAA-VSS,STD,,,,
2460912.6278,7.3,,,Vis.,GZN,,70,76,X17295ABK,,,,Z,,,,EG AND,AAVSO,STD,,,,
2460912.93264,7.2,,,Vis.,CKB,,70,73,X39573GQL,,,,Z,,,,EG AND,AAVSO,STD,,,,
2460913.3463,7.463,0.023,,V,VOL,,HD 3914,HD 3765,X27177DE,,1,1.64,Z,7.025,7.412,,EG AND,AAVSO,STD,,,,
2460913.34861,7.2,,,Vis.,PARC,,70,73,X40648ECW,L102/500,,,Z,,,,EG And,AAVSO,STD,,,,
2460915.47917,7.5,,,Vis.,PBYA,,73,76,X28788EJX,15X70 Binoculars ,,,Z,,,,EG And,AAVSO,STD,,,,
2460918.3674,7.5,,,Vis.,HGUA,,70,76,23189ATR,,,,Z,,,,EG AND,SAAF,STD,,,,
2460919.3193,7.316,0.020,,V,VOL,,HD 3914,HD 3765,X27177DE,,1,1.74,Z,7.025,7.386,,EG AND,AAVSO,STD,,,,
2460919.344,7.6,,,Vis.,OGAA,B,76,,AAVSO X38667TT,high humidity,,,Z,,,,EG And,BAA-VSS,STD,,,,
2460920.31528,7.3,,,Vis.,PARC,,73,76,x40648ECW,L102/500 ,,,Z,,,,eg and,MCSE,STD,,,,
2460921.90833,7.2,,,Vis.,CKB,,70,73,X39573GQL,,,,Z,,,,EG AND,AAVSO,STD,,,,
2460922.6044,7.267,0.011,,V,VOL,,HD 3914,HD 3765,X27177DE,,1,1.06,Z,7.025,7.406,,EG AND,AAVSO,STD,,,,
2460925.3046,7.197,0.017,,V,VOL,,HD 3914,HD 3765,X27177DE,,1,1.72,Z,7.025,7.404,,EG AND,AAVSO,STD,,,,
2460925.42708,7.3,,,Vis.,VATA,B,70,76,X36506HE,,,,Z,,,,EG AND,MCSE,STD,,,,
2460927.65347,7.1,,,Vis.,CKB,,70,73,X39573GQL,,,,Z,,,,EG AND,AAVSO,STD,,,,
2460931.25694,7.4,,,Vis.,PFR,,76,70,X41346BHU,,,,Z,,,,EG AND,AAK,STD,,,,
2460931.414792,8.5,0.3,,TB,SJOAA,,ENSEMBLE,000-BBC-019,X40765VW,"""NIKON D7200, 300.0mm""",0,1.36294,Z,,8.2,None,EG And,,STD,0,,,
2460931.414792,7.1,0.2,,TG,SJOAA,,ENSEMBLE,000-BBC-019,X40765VW,"""NIKON D7200, 300.0mm""",0,1.36294,Z,,7.5,None,EG And,,STD,0,,,
2460931.414792,6.46,0.07,,TR,SJOAA,,ENSEMBLE,000-BBC-019,X40765VW,"""NIKON D7200, 300.0mm""",0,1.36294,Z,,7.28,None,EG And,,STD,0,,,
2460932.62639,7.1,,,Vis.,CKB,,70,73,X39573GQL,,,,Z,,,,EG AND,AAVSO,STD,,,,
2460933.2807,7.223,0.018,,V,VOL,,HD 3914,HD 3765,X27177DE,,1,1.74,Z,7.025,7.368,,EG AND,AAVSO,STD,,,,
2460934.25,7.5,,,Vis.,PFR,,76,70,X41346BHU,,,,Z,,,,EG AND,AAK,STD,,,,
2460934.29583,7.4,,,Vis.,PARC,,73,76,X40648ECW,L102/500 ,,,Z,,,,EG And,MCSE,STD,,,,
2460934.93056,7.1,,,Vis.,CKB,,70,73,X39573GQL,,,,Z,,,,EG AND,AAVSO,STD,,,,
2460935.46806,7.5,,,Vis.,PBYA,,70,76,X28788EJX,15X70 Binoculars ,,,Z,,,,EG And ,AAVSO,STD,,,,
2460936.62847,7.4,,,Vis.,PFR,,76,70,X41346BHU,,,,Z,,,,EG AND,AAK,STD,,,,
2460937.2975,7.212,0.009,,V,VOL,,HD 3914,HD 3765,X27177DE,,1,1.52,Z,7.025,7.388,,EG AND,AAVSO,STD,,,,
2460937.7096,7.4,,,Vis.,BLUA,,73,76,13618AQYH,,,,Z,,,,EG And,AAVSO,STD,,,,
2460938.24306,7.2,,,Vis.,PFR,,76,70,X41346BHU,,,,Z,,,,EG AND,AAK,STD,,,,
2460938.315,7.8,,,Vis.,OGAA,,76,84,AAVSO X38667TT,,,,Z,,,,EG And,BAA-VSS,STD,,,,
2460938.42083,7.8,,,Vis.,VATA,,76,84,X36506HE,,,,Z,,,,EG AND,MCSE,STD,,,,
2460938.7548,7.4,,,Vis.,BLUA,,73,76,13618AQYH,,,,Z,,,,EG And,AAVSO,STD,,,,
2460938.76389,7.1,,,Vis.,CKB,,70,73,X39573GQL,,,,Z,,,,EG AND,AAVSO,STD,,,,
2460939.27083,7.2,,,Vis.,PFR,,76,70,X41346BHU,,,,Z,,,,EG AND,AAK,STD,,,,
2460939.2747,7.233,0.012,,V,VOL,,HD 3914,HD 3765,X27177DE,,1,1.65,Z,7.025,7.409,,EG AND,AAVSO,STD,,,,
2460939.40625,7.1,,,Vis.,BPHC,,76,70,X40493ACY,,0,,Z,,,,EG And,AAVSO,STD,,,,
2460939.53,7.9,,,Vis.,JLZ,,76,73,10256GX,,,,Z,,,,EG AND,MCSE,STD,,,,
2460939.61875,7.7,,,Vis.,CDYA,U,76,73,10-star tutorial,,0,,Z,,,,EG And,AAVSO,STD,,,,
2460940.28472,7.2,,,Vis.,PFR,,76,70,X41346BHU,,,,Z,,,,EG AND,AAK,STD,,,,
2460941.25347,7.2,,,Vis.,PFR,,76,70,X41346BHU,,,,Z,,,,EG AND,AAK,STD,,,,
2460941.2827,7.224,0.037,,V,VOL,,HD 3914,HD 3765,X27177DE,,1,1.54,Z,7.025,7.382,,EG AND,AAVSO,STD,,,,
2460942.24306,7.2,,,Vis.,PFR,,76,70,X41346BHU,,,,Z,,,,EG AND,AAK,STD,,,,
2460943.45625,7.5,,,Vis.,PBYA,,73,76,X29175CV ,15X70 Binoculars ,,,Z,,,,EG And ,AAVSO,STD,,,,
2460945.57014,6.9,,,Vis.,CKB,,67,70,X39573GQL,,,,Z,,,,EG AND,AAVSO,STD,,,,
2460945.7229,7.157,0.001,,V,KPL,,SAO 54074,SAO 54147,PEP,"""|SCOPE=10 INCH F/15 CASS.|SENSOR=SSP5 GEN II, PMT|LOC=32N/94W|INDEX=BV|TV_BV=-0.095|K_V_EST=0.25|DELTA_EST=0.735|CREFMAG=7.364|PROG=PEP_BVRI_V1.2.XLS|""",1,1.04,Z,-3.464,-3.257,,EG AND,AAVSO,STD,,,,
2460945.7514,7.4,,,Vis.,KBE,,73,76,X37399AJW,,,,Z,,,,EG And,AAVSO,STD,,,,
2460946.583333,7.1,,,Vis.,CDYA,,76,84,x40774akk,,0,,Z,,,,EG And,AAVSO,STD,,,,
2460946.7062,7.1,,,Vis.,SGE,,70,73,X38231GQ,,,,Z,,,,EG And,RASC,STD,,,,
2460947.3928,7.305,0.008,,V,VOL,,HD 3914,HD 3765,X27177DE,,1,1.06,Z,7.025,7.436,,EG AND,AAVSO,STD,,,,
2460947.63889,7.3,,,Vis.,PFR,,76,70,X41346BHU,,,,Z,,,,EG AND,AAK,STD,,,,
2460947.7234,7.4,,,Vis.,BLUA,,73,76,13618AQYH,,,,Z,,,,EG And,AAVSO,STD,,,,
2460948.22917,7.2,,,Vis.,PFR,,76,70,X41346BHU,,,,Z,,,,EG AND,AAK,STD,,,,
2460948.631944,7.6,,,Vis.,CDYA,,70,76,x40833fq,,0,,Z,,,,EG And,AAVSO,STD,,,,
2460948.81111111,7.8,,,Vis.,CVIC,,76,84,X40401YN,,0,,Z,,,,EG And,AAVSO,STD,,,,
2460949.25,7.2,,,Vis.,PFR,,76,70,X41346BHU,,,,Z,,,,EG AND,AAK,STD,,,,
2460950.677083,7.6,,,Vis.,CDYA,,70,76,x4077akk,,0,,Z,,,,EG And,AAVSO,STD,,,,
2460951.2607,7.215,0.006,,V,VOL,,HD 3914,HD 3765,X27177DE,,1,1.51,Z,7.025,7.407,,EG AND,AAVSO,STD,,,,
2460952.41111,7.2,,,Vis.,VATA,,70,76,X36506HE,,,,Z,,,,EG AND,MCSE,STD,,,,
2460952.93889,6.9,,,Vis.,CKB,,67,70,X39573GQL,,,,Z,,,,EG AND,AAVSO,STD,,,,
2460953.21528,7.2,,,Vis.,PFR,,76,70,X41346BHU,,,,Z,,,,EG AND,AAK,STD,,,,
2460956.21528,7.3,,,Vis.,PFR,,76,70,X41346BHU,,,,Z,,,,EG AND,AAK,STD,,,,
2460957.21528,7.5,,,Vis.,PFR,,76,70,X41346BHU,,,,Z,,,,EG AND,AAK,STD,,,,
2460958.3733,7.277,0.012,,V,VOL,,HD 3914,HD 3765,X27177DE,,1,1.05,Z,7.025,7.441,,EG AND,AAVSO,STD,,,,
2460959.58681,6.9,,,Vis.,CKB,,67,70,X39573GQL,,,,Z,,,,EG AND,AAVSO,STD,,,,
2460959.7660,7.5,,,Vis.,SGE,,70,76,X38231GQ,,,,Z,,,,EG And,RASC,STD,,,,
2460962.2936,7.259,0.008,,V,VOL,,HD 3914,HD 3765,X27177DE,,1,1.20,Z,7.025,7.430,,EG AND,AAVSO,STD,,,,
2460963.9625,6.9,,,Vis.,CKB,,67,70,X39573GQL,,,,Z,,,,EG AND,AAVSO,STD,,,,
2460964.21528,7.3,,,Vis.,PFR,,76,70,X41346BHU,,,,Z,,,,EG AND,AAK,STD,,,,
2460965.21528,7.3,,,Vis.,PFR,,76,70,X41346BHU,,,,Z,,,,EG AND,AAK,STD,,,,
2460966.21528,7.4,,,Vis.,PFR,,76,70,X41346BHU,,,,Z,,,,EG AND,AAK,STD,,,,
2460967.24861,7.4,,,Vis.,PFR,,76,70,X41346BHU,,,,Z,,,,EG AND,AAK,STD,,,,
2460967.2602,7.212,0.008,,V,VOL,,HD 3914,HD 3765,X27177DE,,1,1.28,Z,7.025,7.425,,EG AND,AAVSO,STD,,,,
2460967.5157,7.4,,,Vis.,BLUA,,73,76,13618AQYH,,,,Z,,,,EG And,AAVSO,STD,,,,
2460968.20833,7.4,,,Vis.,PFR,,76,70,X41346BHU,,,,Z,,,,EG AND,AAK,STD,,,,
2460968.70417,6.9,,,Vis.,CKB,,67,70,X39573GQL,,,,Z,,,,EG AND,AAVSO,STD,,,,
2460969.6813,7.086,0.001,,V,KPL,,SAO 54074,SAO 54147,PEP,"""|SCOPE=10 INCH F/15 CASS.|SENSOR=SSP5 GEN II, PMT|LOC=32N/94W|INDEX=BV|TV_BV=-0.095|K_V_EST=0.25|DELTA_EST=0.735|CREFMAG=7.364|PROG=PEP_BVRI_V1.2.XLS|""",1,1.02,Z,-3.539,-3.321,,EG AND,AAVSO,STD,,,,
2460969.7035,7.1,,,Vis.,SGE,,70,73,X38231GQ,,,,Z,,,,EG And,RASC,STD,,,,
2460973.2653,7.195,0.017,,V,VOL,,HD 3914,HD 3765,X27177DE,,1,1.20,Z,7.025,7.425,,EG AND,AAVSO,STD,,,,
2460973.47292,7.2,,,Vis.,PBYA,,70,73,X28788EJX,15X70 Binoculars ,,,Z,,,,EG And ,AAVSO,STD,,,,
2460973.53333,7.5,,,Vis.,VATA,,70,76,X36506HE,,,,Z,,,,EG AND,MCSE,STD,,,,
2460976.58889,7.1,,,Vis.,CKB,,70,73,X39573GQL,,,,Z,,,,EG AND,AAVSO,STD,,,,
2460977.26042,7.2,,,Vis.,PBYA,,73,76,X28788EJX ,"""15X70 Binoculars, moon""",,,Z,,,,EG And ,AAVSO,STD,,,,
2460980.56806,7.1,,,Vis.,CKB,,70,73,X39573GQL,,,,Z,,,,EG AND,AAVSO,STD,,,,
2460981.31,7.1,,,Vis.,JLZ,,73,70,10256X,,,,Z,,,,EG AND,MCSE,STD,,,,
2460981.97778,7.2,,,Vis.,SANG,B,7.0,7.3,x27432baw,,,,Z,,,,eg and,AAVSO,STD,,,,
2460983.2504,7.212,0.011,,V,VOL,,HD 3914,HD 3765,X27177DE,,1,1.16,Z,7.025,7.419,,EG AND,AAVSO,STD,,,,
2460983.66042,7.1,,,Vis.,CKB,,70,73,X39573GQL,,,,Z,,,,EG AND,AAVSO,STD,,,,
2460984.6771,7.4,,,Vis.,SGE,,70,76,X38231GQ,,,,Z,,,,EG And,RASC,STD,,,,
2460986.2084,7.218,0.009,,V,VOL,,HD 3914,HD 3765,X27177DE,,1,1.27,Z,7.025,7.416,,EG AND,AAVSO,STD,,,,
2460986.57917,7.2,,,Vis.,CKB,,70,73,X39573GQL,,,,Z,,,,EG AND,AAVSO,STD,,,,
2460988.4971,7.4,,,Vis.,BLUA,,73,76,13618AQYH,,,,Z,,,,EG And,AAVSO,STD,,,,
2460991.54722,7.2,,,Vis.,CKB,,70,73,X39573GQL,,,,Z,,,,EG AND,AAVSO,STD,,,,
2460992.36667,7.5,,,Vis.,PBYA,,73,76,X28788EJX,15X70 Binoculars ,,,Z,,,,EG And,AAVSO,STD,,,,
2460993.2276,7.318,0.007,,V,VOL,,HD 3914,HD 3765,X27177DE,,1,1.15,Z,7.025,7.433,,EG AND,AAVSO,STD,,,,
2460993.57986,7.6,,,Vis.,WLY,,70,92,5271 BDX,,,,Z,,,,EG AND,AAVSO,STD,,,,
2460993.6083,7.185,0.001,,V,KPL,,SAO 54074,SAO 54147,PEP,"""|SCOPE=10 INCH F/15 CASS.|SENSOR=SSP5 GEN II, PMT|LOC=32N/94W|INDEX=BV|TV_BV=-0.095|K_V_EST=0.25|DELTA_EST=0.735|CREFMAG=7.364|PROG=PEP_BVRI_V1.2.XLS|""",1,1.02,Z,-3.454,-3.232,,EG AND,AAVSO,STD,,,,
2460994.42153,7.7,,,Vis.,VATA,,76,84,X36506HE,,,,Z,,,,EG AND,MCSE,STD,,,,
2460995.52639,7.2,,,Vis.,CKB,,70,73,X39573GQL,,,,Z,,,,EG AND,AAVSO,STD,,,,
2460996.306,7.3,,,Vis.,SRBR,,NA,,NA,,,,Z,,,,EG AND,AAVSO,STD,,,,
2460997.3806,7.4,,,Vis.,GZN,,70,76,X17295ABK,,,,Z,,,,EG AND,AAVSO,STD,,,,
2460998.2004,7.311,0.012,,V,VOL,,HD 3914,HD 3765,X27177DE,,1,1.18,Z,7.025,7.436,,EG AND,AAVSO,STD,,,,
2460998.60972,7.2,,,Vis.,CKB,,70,73,X39573GQL,,,,Z,,,,EG AND,AAVSO,STD,,,,
2460999.21181,7.6,,,Vis.,KMI,,7.6,,X41288JQ,,,,Z,,,,EG AND,AAVSO,STD,,,,
2461000.17639,7.6,,,Vis.,KMI,,7.6,,X41288JQ,,,,Z,,,,EG AND,AAVSO,STD,,,,
2461001.242,7.6,,,Vis.,SRBR,,NA,,NA,,,,Z,,,,EG AND,AAVSO,STD,,,,
2461002.61806,7.2,,,Vis.,CKB,,70,73,X39573GQL,,,,Z,,,,EG AND,AAVSO,STD,,,,
2461002.675694,7.1,,,Vis.,FJOF,,70,73,X39011CEX,10x56 Binocular,0,,Z,,,,EG And,AAVSO,STD,,,,
2461003.2320,7.315,0.008,,V,VOL,,HD 3914,HD 3765,X27177DE,,1,1.08,Z,7.025,7.399,,EG AND,AAVSO,STD,,,,
2461006.21736,7.3,,,Vis.,KMI,,7.3,,X41288JQ,,,,Z,,,,EG AND,AAVSO,STD,,,,
2461006.253,7.1,,,Vis.,SRBR,,NA,,NA,,,,Z,,,,EG AND,AAVSO,STD,,,,
2461006.485417,7.3,,,Vis.,BPHC,,76,70,X40493ACY,,0,,Z,,,,EG And,AAVSO,STD,,,,
2461006.5625,7.2,,,Vis.,CKB,,70,73,X39573GQL,,,,Z,,,,EG AND,AAVSO,STD,,,,
2461007.2933,7.258,0.014,,V,VOL,,HD 3914,HD 3765,X27177DE,,1,1.01,Z,7.025,7.431,,EG AND,AAVSO,STD,,,,
2461009.21,7.4,,,Vis.,JLZ,,76,73,10256X,,,,Z,,,,EG AND,MCSE,STD,,,,
2461012.54375,7.2,,,Vis.,CKB,,70,73,X39573GQL,,,,Z,,,,EG AND,AAVSO,STD,,,,
2461016.52639,7.2,,,Vis.,CKB,,70,73,X39573GQL,,,,Z,,,,EG AND,AAVSO,STD,,,,
2461019.22639,7.9,,,Vis.,VATA,,76,84,X36506HE,,,,Z,,,,EG AND,MCSE,STD,,,,
2461019.3125,7.4,,,Vis.,GZN,,70,76,X17295ABK,,,,Z,,,,EG AND,AAVSO,STD,,,,
2461019.54444,7.1,,,Vis.,CKB,,70,73,X39573GQL,,,,Z,,,,EG AND,AAVSO,STD,,,,
2461020.2453,7.271,0.011,,V,VOL,,HD 3914,HD 3765,X27177DE,,1,1.01,Z,7.025,7.407,,EG AND,AAVSO,STD,,,,
2461020.2469,7.265,0.010,,V,VOL,,HD 3914,HD 3765,X27177DE,,1,1.01,Z,7.025,7.416,,EG AND,AAVSO,STD,,,,
2461020.2480,7.268,0.011,,V,VOL,,HD 3914,HD 3765,X27177DE,,1,1.01,Z,7.025,7.431,,EG AND,AAVSO,STD,,,,
2461020.3125,7.4,,,Vis.,GZN,,70,76,X17295ABK,,,,Z,,,,EG AND,AAVSO,STD,,,,
2461021.56944,8.0,,,Vis.,WLY,,76,84,5171 BDX,,,,Z,,,,EG AND,AAVSO,STD,,,,
2461023.1952,7.402,0.015,,V,VOL,,HD 3914,HD 3765,X27177DE,,1,1.05,Z,7.025,7.296,,EG AND,AAVSO,STD,,,,
2461023.212,7.3,,,Vis.,SRBR,,NA,,NA,,,,Z,,,,EG AND,AAVSO,STD,,,,
2461023.3097,7.4,,,Vis.,GZN,,70,76,X17295ABK,,,,Z,,,,EG AND,AAVSO,STD,,,,
2461023.99931,7.2,,,Vis.,SANG,,7.0,7.3,x27432baw,,,,Z,,,,eg and,AAVSO,STD,,,,
2461024.26736,7.4,,,Vis.,PBYA,,73,76,X28788EJX,15X70 Bin,,,Z,,,,EG And,AAVSO,STD,,,,
2461024.375,7.55,,,Vis.,MOSB,,7.0,7.6,x39596aaw,,,,Z,,,,eg and,AAVSO,STD,,,,
2461024.58472,7.2,,,Vis.,CKB,,70,73,X39573GQL,,,,Z,,,,EG AND,AAVSO,STD,,,,
2461025.36806,7.6,,,Vis.,MOSB,U,7.0,7.6,x39596aaw,,,,Z,,,,eg and,AAVSO,STD,,,,
2461026.3306,7.4,,,Vis.,GZN,,70,76,X17295ABK,,,,Z,,,,EG AND,AAVSO,STD,,,,
2461026.39375,7.0,,,Vis.,MGAH,B,70,76,X40364IMJ,,0,,Z,,,None,EG And,AAVSO,STD,,,,
2461028.2072,7.404,0.006,,V,VOL,,HD 3914,HD 3765,X27177DE,,1,1.02,Z,7.025,7.399,,EG AND,AAVSO,STD,,,,
2461028.57569,7.5,,,Vis.,CKB,,73,76,X39573GQL,,,,Z,,,,EG AND,AAVSO,STD,,,,
2461029.4920,7.4,,,Vis.,BLUA,,73,76,13618AQYH,,,,Z,,,,EG And,AAVSO,STD,,,,
2461029.53125,8.2,,,Vis.,WLY,,76,84,5171 BDX,,,,Z,,,,EG AND,AAVSO,STD,,,,
2461033.3174,7.4,,,Vis.,GZN,,70,76,X17295ABK,,,,Z,,,,EG AND,AAVSO,STD,,,,
2461034.3125,7.65,,,Vis.,MOSB,BU,7.0,7.6,x39596aaw,,,,Z,,,,eg and,AAVSO,STD,,,,
2461034.96806,7.4,,,Vis.,SANG,,7.3,7.6,x27432baw,,,,Z,,,,eg and,AAVSO,STD,,,,
2461036.1938,7.422,0.006,,V,VOL,,HD 3914,HD 3765,X27177DE,,1,1.02,Z,7.025,7.388,,EG AND,AAVSO,STD,,,,
2461036.2861,7.4,,,Vis.,GZN,,70,76,X17295ABK,,,,Z,,,,EG AND,AAVSO,STD,,,,
2461036.357,7.6,,,Vis.,SRBR,,NA,,NA,,,,Z,,,,EG AND,AAVSO,STD,,,,
2461037.2861,7.4,,,Vis.,GZN,,70,76,X17295ABK,,,,Z,,,,EG AND,AAVSO,STD,,,,
2461037.38819,7.4,,,Vis.,VATA,,70,76,X36506HE,,,,Z,,,,EG AND,MCSE,STD,,,,
2461037.58333,8.0,,,Vis.,WLY,,76,84,5171 BDX,,,,Z,,,,EG AND,AAVSO,STD,,,,
2461038.1999,7.420,0.008,,V,VOL,,HD 3914,HD 3765,X27177DE,,1,1.01,Z,7.025,7.389,,EG AND,AAVSO,STD,,,,
2461038.2771,7.4,,,Vis.,GZN,,70,76,X17295ABK,,,,Z,,,,EG AND,AAVSO,STD,,,,
2461039.2847,7.4,,,Vis.,GZN,,70,76,X17295ABK,,,,Z,,,,EG AND,AAVSO,STD,,,,
2461043.2980,7.361,0.009,,V,VOL,,HD 3914,HD 3765,X27177DE,,1,1.11,Z,7.025,7.423,,EG AND,AAVSO,STD,,,,
2461044.61458,7.2,,,Vis.,CKB,,70,73,X39573GQL,,,,Z,,,,EG AND,AAVSO,STD,,,,
2461045.1964,7.330,0.007,,V,VOL,,HD 3914,HD 3765,X27177DE,,1,1.01,Z,7.025,7.409,,EG AND,AAVSO,STD,,,,
2461050.37,7.2,,,Vis.,JLZ,,73,70,10256M,,,,Z,,,,EG AND,MCSE,STD,,,,
2461051.58681,7.5,,,Vis.,WLY,,70,76,5171 BDX,,,,Z,,,,EG AND,AAVSO,STD,,,,
2461051.73502,5.3221,0.0045,,I,WMOB,,000-BLF-412,000-BBB-991,X41715AHL,|VMAGINS=-15.4552|CMAGINS=-11.9039|CREFMAG=8.9700|CREFERR=0.0062|KMAGINS=-12.7991|KREFMAG=8.1160|KREFERR=0.0053,1,1.935,Z,-11.9039,-12.7991,None,EG And,AAVSO,STD,1,,,
2461051.7415,6.7526,0.003,,R,WMOB,,000-BLF-412,000-BBB-991,X41715AHL,|VMAGINS=-15.5266|CMAGINS=-12.9278|CREFMAG=9.5490|CREFERR=0.0039|KMAGINS=-13.8404|KREFMAG=0.0000|KREFERR=0.0033,1,2.032,Z,-12.9278,-13.8404,None,EG And,AAVSO,STD,1,,,
2461051.75087,7.3981,0.0038,,V,WMOB,,000-BLF-412,000-BBB-991,X41715AHL,|VMAGINS=-15.1317|CMAGINS=-12.3162|CREFMAG=10.1710|CREFERR=0.0051|KMAGINS=-13.3079|KREFMAG=9.2000|KREFERR=0.0043,1,2.191,Z,-12.3162,-13.3079,None,EG And,AAVSO,STD,1,,,
2461052.65744,7.240,0.074,,V,SFOA,,000-BLF-412,000-BJS-870,X27279GR,,0,1.242,Z,10.171,8.407,,EG AND,BAA-VSS,STD,,,,
2461052.65961,7.252,0.074,,V,SFOA,,000-BLF-412,000-BJS-870,X27279GR,,0,1.252,Z,10.171,8.458,,EG AND,BAA-VSS,STD,,,,
2461052.66177,7.204,0.074,,V,SFOA,,000-BLF-412,000-BJS-870,X27279GR,,0,1.261,Z,10.171,8.389,,EG AND,BAA-VSS,STD,,,,
2461052.66394,7.255,0.074,,V,SFOA,,000-BLF-412,000-BJS-870,X27279GR,,0,1.272,Z,10.171,8.436,,EG AND,BAA-VSS,STD,,,,
2461052.66610,7.236,0.074,,V,SFOA,,000-BLF-412,000-BJS-870,X27279GR,,0,1.282,Z,10.171,8.444,,EG AND,BAA-VSS,STD,,,,
2461052.66827,7.199,0.074,,V,SFOA,,000-BLF-412,000-BJS-870,X27279GR,,0,1.293,Z,10.171,8.384,,EG AND,BAA-VSS,STD,,,,
2461052.67043,7.243,0.074,,V,SFOA,,000-BLF-412,000-BJS-870,X27279GR,,0,1.304,Z,10.171,8.474,,EG AND,BAA-VSS,STD,,,,
2461052.67259,7.211,0.074,,V,SFOA,,000-BLF-412,000-BJS-870,X27279GR,,0,1.315,Z,10.171,8.383,,EG AND,BAA-VSS,STD,,,,
2461052.67475,7.226,0.074,,V,SFOA,,000-BLF-412,000-BJS-870,X27279GR,,0,1.327,Z,10.171,8.394,,EG AND,BAA-VSS,STD,,,,
2461052.67692,7.279,0.074,,V,SFOA,,000-BLF-412,000-BJS-870,X27279GR,,0,1.339,Z,10.171,8.441,,EG AND,BAA-VSS,STD,,,,
2461052.67908,7.210,0.074,,V,SFOA,,000-BLF-412,000-BJS-870,X27279GR,,0,1.351,Z,10.171,8.445,,EG AND,BAA-VSS,STD,,,,
2461052.68125,7.253,0.074,,V,SFOA,,000-BLF-412,000-BJS-870,X27279GR,,0,1.364,Z,10.171,8.436,,EG AND,BAA-VSS,STD,,,,
2461052.68341,7.223,0.074,,V,SFOA,,000-BLF-412,000-BJS-870,X27279GR,,0,1.377,Z,10.171,8.419,,EG AND,BAA-VSS,STD,,,,
2461052.68558,7.260,0.074,,V,SFOA,,000-BLF-412,000-BJS-870,X27279GR,,0,1.390,Z,10.171,8.458,,EG AND,BAA-VSS,STD,,,,
2461052.68774,7.248,0.074,,V,SFOA,,000-BLF-412,000-BJS-870,X27279GR,,0,1.404,Z,10.171,8.442,,EG AND,BAA-VSS,STD,,,,
2461052.71815,5.4348,0.0044,,I,WMOB,,000-BLF-412,000-BBB-991,X41715AHL,|VMAGINS=-15.4176|CMAGINS=-11.9706|CREFMAG=8.9700|CREFERR=0.0060|KMAGINS=-12.8894|KREFMAG=8.1160|KREFERR=0.0051,1,1.756,Z,-11.9706,-12.8894,None,EG And,AAVSO,STD,1,,,
2461052.72352,6.7919,0.0029,,R,WMOB,,000-BLF-412,000-BBB-991,X41715AHL,|VMAGINS=-15.4899|CMAGINS=-12.9133|CREFMAG=9.5490|CREFERR=0.0039|KMAGINS=-13.8323|KREFMAG=0.0000|KREFERR=0.0033,1,1.819,Z,-12.9133,-13.8323,None,EG And,AAVSO,STD,1,,,
2461052.73161,7.489,0.0036,,V,WMOB,,000-BLF-412,000-BBB-991,X41715AHL,|VMAGINS=-15.1431|CMAGINS=-12.4354|CREFMAG=10.1710|CREFERR=0.0048|KMAGINS=-13.4127|KREFMAG=9.2000|KREFERR=0.0040,1,1.926,Z,-12.4354,-13.4127,None,EG And,AAVSO,STD,1,,,
2461053.69287,5.216,0.0051,,I,WMOB,,000-BLF-412,000-BBB-991,X41715AHL,|VMAGINS=-15.3801|CMAGINS=-11.7203|CREFMAG=8.9700|CREFERR=0.0069|KMAGINS=-12.5787|KREFMAG=8.1160|KREFERR=0.0060,1,1.537,Z,-11.7203,-12.5787,None,EG And,AAVSO,STD,1,,,
2461053.69828,6.6249,0.0032,,R,WMOB,,000-BLF-412,000-BBB-991,X41715AHL,|VMAGINS=-15.5517|CMAGINS=-12.8202|CREFMAG=9.5490|CREFERR=0.0041|KMAGINS=-13.7175|KREFMAG=0.0000|KREFERR=0.0036,1,1.584,Z,-12.8202,-13.7175,None,EG And,AAVSO,STD,1,,,
2461053.70642,7.3504,0.0038,,V,WMOB,,000-BLF-412,000-BBB-991,X41715AHL,|VMAGINS=-15.1402|CMAGINS=-12.2978|CREFMAG=10.1710|CREFERR=0.0052|KMAGINS=-13.2353|KREFMAG=9.2000|KREFERR=0.0044,1,1.66,Z,-12.2978,-13.2353,None,EG And,AAVSO,STD,1,,,
2461055.64097,7.2,,,Vis.,CKB,,70,73,X39573GQL,,,,Z,,,,EG AND,AAVSO,STD,,,,
2461055.68673,5.5031,0.0043,,I,WMOB,,000-BLF-412,000-BBB-991,X41715AHL,|VMAGINS=-15.3806|CMAGINS=-12.0204|CREFMAG=8.9700|CREFERR=0.0059|KMAGINS=-12.9444|KREFMAG=8.1160|KREFERR=0.0050,1,1.532,Z,-12.0204,-12.9444,None,EG And,AAVSO,STD,1,,,
2461055.69189,7.0231,0.0026,,R,WMOB,,000-BLF-412,000-BBB-991,X41715AHL,|VMAGINS=-15.4592|CMAGINS=-13.1516|CREFMAG=9.5490|CREFERR=0.0035|KMAGINS=-14.0778|KREFMAG=0.0000|KREFERR=0.0029,1,1.575,Z,-13.1516,-14.0778,None,EG And,AAVSO,STD,1,,,
2461055.70029,7.7137,0.0033,,V,WMOB,,000-BLF-412,000-BBB-991,X41715AHL,|VMAGINS=-15.1022|CMAGINS=-12.6083|CREFMAG=10.1710|CREFERR=0.0044|KMAGINS=-13.5898|KREFMAG=9.2000|KREFERR=0.0037,1,1.653,Z,-12.6083,-13.5898,None,EG And,AAVSO,STD,1,,,
2461058.3174,7.4,,,Vis.,GZN,,70,76,X17295ABK,,,,Z,,,,EG AND,AAVSO,STD,,,,
2461058.58278,7.249,0.074,,V,SFOA,,000-BLF-412,000-BJS-870,X27279GR,,0,1.068,Z,10.171,8.431,,EG AND,BAA-VSS,STD,,,,
2461058.58386,8.788,0.110,,B,SFOA,,000-BLF-412,000-BJS-870,X41626CII,,0,1.070,Z,11.153,9.500,,EG AND,BAA-VSS,STD,,,,
2461058.58494,7.277,0.074,,V,SFOA,,000-BLF-412,000-BJS-870,X27279GR,,0,1.072,Z,10.171,8.442,,EG AND,BAA-VSS,STD,,,,
2461058.58603,8.776,0.110,,B,SFOA,,000-BLF-412,000-BJS-870,X41626CII,,0,1.074,Z,11.153,9.493,,EG AND,BAA-VSS,STD,,,,
2461058.58711,7.263,0.074,,V,SFOA,,000-BLF-412,000-BJS-870,X27279GR,,0,1.076,Z,10.171,8.419,,EG AND,BAA-VSS,STD,,,,
2461058.58819,8.773,0.110,,B,SFOA,,000-BLF-412,000-BJS-870,X41626CII,,0,1.078,Z,11.153,9.493,,EG AND,BAA-VSS,STD,,,,
2461058.58928,7.222,0.074,,V,SFOA,,000-BLF-412,000-BJS-870,X27279GR,,0,1.081,Z,10.171,8.445,,EG AND,BAA-VSS,STD,,,,
2461058.59036,8.784,0.110,,B,SFOA,,000-BLF-412,000-BJS-870,X41626CII,,0,1.083,Z,11.153,9.502,,EG AND,BAA-VSS,STD,,,,
2461058.59144,7.253,0.074,,V,SFOA,,000-BLF-412,000-BJS-870,X27279GR,,0,1.085,Z,10.171,8.476,,EG AND,BAA-VSS,STD,,,,
2461058.59252,8.773,0.110,,B,SFOA,,000-BLF-412,000-BJS-870,X41626CII,,0,1.088,Z,11.153,9.499,,EG AND,BAA-VSS,STD,,,,
2461058.59361,7.281,0.074,,V,SFOA,,000-BLF-412,000-BJS-870,X27279GR,,0,1.090,Z,10.171,8.391,,EG AND,BAA-VSS,STD,,,,
2461058.59469,8.799,0.110,,B,SFOA,,000-BLF-412,000-BJS-870,X41626CII,,0,1.092,Z,11.153,9.513,,EG AND,BAA-VSS,STD,,,,
2461058.59577,7.223,0.074,,V,SFOA,,000-BLF-412,000-BJS-870,X27279GR,,0,1.095,Z,10.171,8.450,,EG AND,BAA-VSS,STD,,,,
2461058.59685,8.778,0.110,,B,SFOA,,000-BLF-412,000-BJS-870,X41626CII,,0,1.097,Z,11.153,9.499,,EG AND,BAA-VSS,STD,,,,
2461058.59793,7.230,0.074,,V,SFOA,,000-BLF-412,000-BJS-870,X27279GR,,0,1.100,Z,10.171,8.425,,EG AND,BAA-VSS,STD,,,,
2461058.59902,8.787,0.110,,B,SFOA,,000-BLF-412,000-BJS-870,X41626CII,,0,1.103,Z,11.153,9.512,,EG AND,BAA-VSS,STD,,,,
2461058.60010,7.263,0.074,,V,SFOA,,000-BLF-412,000-BJS-870,X27279GR,,0,1.105,Z,10.171,8.444,,EG AND,BAA-VSS,STD,,,,
2461058.60118,8.765,0.110,,B,SFOA,,000-BLF-412,000-BJS-870,X41626CII,,0,1.108,Z,11.153,9.480,,EG AND,BAA-VSS,STD,,,,
2461058.60227,7.269,0.074,,V,SFOA,,000-BLF-412,000-BJS-870,X27279GR,,0,1.111,Z,10.171,8.417,,EG AND,BAA-VSS,STD,,,,
2461058.60335,8.791,0.110,,B,SFOA,,000-BLF-412,000-BJS-870,X41626CII,,0,1.113,Z,11.153,9.496,,EG AND,BAA-VSS,STD,,,,
2461058.60443,7.265,0.074,,V,SFOA,,000-BLF-412,000-BJS-870,X27279GR,,0,1.116,Z,10.171,8.442,,EG AND,BAA-VSS,STD,,,,
2461058.60552,8.776,0.110,,B,SFOA,,000-BLF-412,000-BJS-870,X41626CII,,0,1.119,Z,11.153,9.501,,EG AND,BAA-VSS,STD,,,,
2461058.60660,7.267,0.074,,V,SFOA,,000-BLF-412,000-BJS-870,X27279GR,,0,1.122,Z,10.171,8.438,,EG AND,BAA-VSS,STD,,,,
2461058.60768,8.802,0.110,,B,SFOA,,000-BLF-412,000-BJS-870,X41626CII,,0,1.125,Z,11.153,9.512,,EG AND,BAA-VSS,STD,,,,
2461058.60876,7.246,0.074,,V,SFOA,,000-BLF-412,000-BJS-870,X27279GR,,0,1.128,Z,10.171,8.455,,EG AND,BAA-VSS,STD,,,,
2461058.60985,8.770,0.110,,B,SFOA,,000-BLF-412,000-BJS-870,X41626CII,,0,1.131,Z,11.153,9.494,,EG AND,BAA-VSS,STD,,,,
2461058.61093,7.273,0.074,,V,SFOA,,000-BLF-412,000-BJS-870,X27279GR,,0,1.134,Z,10.171,8.488,,EG AND,BAA-VSS,STD,,,,
2461058.61201,8.768,0.110,,B,SFOA,,000-BLF-412,000-BJS-870,X41626CII,,0,1.137,Z,11.153,9.491,,EG AND,BAA-VSS,STD,,,,
2461058.61309,7.231,0.074,,V,SFOA,,000-BLF-412,000-BJS-870,X27279GR,,0,1.141,Z,10.171,8.440,,EG AND,BAA-VSS,STD,,,,
2461058.61418,8.774,0.110,,B,SFOA,,000-BLF-412,000-BJS-870,X41626CII,,0,1.144,Z,11.153,9.484,,EG AND,BAA-VSS,STD,,,,
2461058.69107,5.6622,0.0039,,I,WMOB,,000-BLF-412,000-BBB-991,X41715AHL,|VMAGINS=-15.4284|CMAGINS=-12.2075|CREFMAG=8.9700|CREFERR=0.0053|KMAGINS=-13.1712|KREFMAG=8.1160|KREFERR=0.0045,1,1.643,Z,-12.2075,-13.1712,None,EG And,AAVSO,STD,1,,,
2461058.69633,7.0077,0.0026,,R,WMOB,,000-BLF-412,000-BBB-991,X41715AHL,|VMAGINS=-15.5279|CMAGINS=-13.1645|CREFMAG=9.5490|CREFERR=0.0034|KMAGINS=-14.1355|KREFMAG=0.0000|KREFERR=0.0029,1,1.697,Z,-13.1645,-14.1355,None,EG And,AAVSO,STD,1,,,
2461058.70372,7.5884,0.0033,,V,WMOB,,000-BLF-412,000-BBB-991,X41715AHL,|VMAGINS=-15.2221|CMAGINS=-12.5859|CREFMAG=10.1710|CREFERR=0.0045|KMAGINS=-13.5995|KREFMAG=9.2000|KREFERR=0.0037,1,1.778,Z,-12.5859,-13.5995,None,EG And,AAVSO,STD,1,,,
2461059.2330,7.309,0.013,,V,VOL,,HD 3914,HD 3765,X27177DE,,1,1.07,Z,7.025,7.407,,EG AND,AAVSO,STD,,,,
2461059.23611,7.6,,,Vis.,MOSB,BU,7.0,7.6,x39596aaw,,,,Z,,,,eg and,AAVSO,STD,,,,
2461059.276,7.3,,,Vis.,SRBR,,NA,,NA,,,,Z,,,,EG AND,AAVSO,STD,,,,
2461059.33819,7.9,,,Vis.,VATA,,76,84,X36506HE,,,,Z,,,,EG AND,MCSE,STD,,,,
2461059.5074,7.5,,,Vis.,BLUA,,73,76,13618AQYH,,,,Z,,,,EG And,AAVSO,STD,,,,
2461059.56042,7.2,,,Vis.,CKB,,70,73,X39573GQL,,,,Z,,,,EG AND,AAVSO,STD,,,,
2461060.68532,5.4964,0.0043,,I,WMOB,,000-BLF-412,000-BBB-991,X41715AHL,|VMAGINS=-15.3907|CMAGINS=-12.0083|CREFMAG=8.9700|CREFERR=0.0059|KMAGINS=-12.9332|KREFMAG=8.1160|KREFERR=0.0050,1,1.641,Z,-12.0083,-12.9332,None,EG And,AAVSO,STD,1,,,
2461060.6907,6.8792,0.0028,,R,WMOB,,000-BLF-412,000-BBB-991,X41715AHL,|VMAGINS=-15.5242|CMAGINS=-13.0410|CREFMAG=9.5490|CREFERR=0.0037|KMAGINS=-13.9729|KREFMAG=0.0000|KREFERR=0.0031,1,1.695,Z,-13.041,-13.9729,None,EG And,AAVSO,STD,1,,,
2461060.6989,7.5609,0.0035,,V,WMOB,,000-BLF-412,000-BBB-991,X41715AHL,|VMAGINS=-15.1412|CMAGINS=-12.5001|CREFMAG=10.1710|CREFERR=0.0047|KMAGINS=-13.4857|KREFMAG=9.2000|KREFERR=0.0039,1,1.786,Z,-12.5001,-13.4857,None,EG And,AAVSO,STD,1,,,
2461061.66709,5.3858,0.0043,,I,WMOB,,000-BLF-412,000-BBB-991,X41715AHL,|VMAGINS=-15.5264|CMAGINS=-12.0485|CREFMAG=8.9700|CREFERR=0.0058|KMAGINS=-12.9606|KREFMAG=8.1160|KREFERR=0.0049,1,1.506,Z,-12.0485,-12.9606,None,EG And,AAVSO,STD,1,,,
2461061.67245,6.9014,0.0027,,R,WMOB,,000-BLF-412,000-BBB-991,X41715AHL,|VMAGINS=-15.5337|CMAGINS=-13.1034|CREFMAG=9.5490|CREFERR=0.0035|KMAGINS=-14.0507|KREFMAG=0.0000|KREFERR=0.0030,1,1.549,Z,-13.1034,-14.0507,None,EG And,AAVSO,STD,1,,,
2461061.68051,7.6254,0.0033,,V,WMOB,,000-BLF-412,000-BBB-991,X41715AHL,|VMAGINS=-15.1887|CMAGINS=-12.6149|CREFMAG=10.1710|CREFERR=0.0044|KMAGINS=-13.6015|KREFMAG=9.2000|KREFERR=0.0037,1,1.621,Z,-12.6149,-13.6015,None,EG And,AAVSO,STD,1,,,
2461062.97222,7.2,,,Vis.,SANG,,7.0,7.3,x27432baw,,,,Z,,,,eg and,AAVSO,STD,,,,
2461065.3390,7.291,0.019,,V,VOL,,HD 3914,HD 3765,X27177DE,,1,1.54,Z,7.025,7.394,,EG AND,AAVSO,STD,,,,
2461066.68226,5.5494,0.004,,I,WMOB,,000-BLF-412,000-BBB-991,X41715AHL,|VMAGINS=-15.4842|CMAGINS=-12.1588|CREFMAG=8.9700|CREFERR=0.0055|KMAGINS=-13.1154|KREFMAG=8.1160|KREFERR=0.0046,1,1.783,Z,-12.1588,-13.1154,None,EG And,AAVSO,STD,1,,,
2461066.68756,6.9678,0.0027,,R,WMOB,,000-BLF-412,000-BBB-991,X41715AHL,|VMAGINS=-15.5110|CMAGINS=-13.1245|CREFMAG=9.5490|CREFERR=0.0035|KMAGINS=-14.1002|KREFMAG=0.0000|KREFERR=0.0029,1,1.848,Z,-13.1245,-14.1002,None,EG And,AAVSO,STD,1,,,
2461066.69499,7.6434,0.0033,,V,WMOB,,000-BLF-412,000-BBB-991,X41715AHL,|VMAGINS=-15.1661|CMAGINS=-12.6040|CREFMAG=10.1710|CREFERR=0.0044|KMAGINS=-13.6102|KREFMAG=9.2000|KREFERR=0.0037,1,1.948,Z,-12.604,-13.6102,None,EG And,AAVSO,STD,1,,,
2461067.54097,7.2,,,Vis.,CKB,,70,73,X39573GQL,,,,Z,,,,EG AND,AAVSO,STD,,,,
2461068.98264,7.5,,,Vis.,SANG,,7.3,7.6,x27432baw,,,,Z,,,,eg and,AAVSO,STD,,,,
2461070.67148,5.6135,0.004,,I,WMOB,,000-BLF-412,000-BBB-991,X41715AHL,|VMAGINS=-15.4406|CMAGINS=-12.1674|CREFMAG=8.9700|CREFERR=0.0055|KMAGINS=-13.1457|KREFMAG=8.1160|KREFERR=0.0046,1,1.785,Z,-12.1674,-13.1457,None,EG And,AAVSO,STD,1,,,
2461070.67681,6.9275,0.0027,,R,WMOB,,000-BLF-412,000-BBB-991,X41715AHL,|VMAGINS=-15.5114|CMAGINS=-13.0604|CREFMAG=9.5490|CREFERR=0.0036|KMAGINS=-14.0542|KREFMAG=0.0000|KREFERR=0.0030,1,1.85,Z,-13.0604,-14.0542,None,EG And,AAVSO,STD,1,,,
2461070.68418,7.5376,0.0035,,V,WMOB,,000-BLF-412,000-BBB-991,X41715AHL,|VMAGINS=-15.1774|CMAGINS=-12.4994|CREFMAG=10.1710|CREFERR=0.0047|KMAGINS=-13.5358|KREFMAG=9.2000|KREFERR=0.0039,1,1.95,Z,-12.4994,-13.5358,None,EG And,AAVSO,STD,1,,,
2461071.204261,7.027,0.0541,,TG,SIVB,,ENSEMBLE,000-BBB-763,,"""ENSEMBLE OF GAIA DR3 STARS ( TRANSFORMED TO JOHNSON-V. ) (LOCAL DATABASE , APERTURE=3.0 HFD, ANNULUS=6 HFD)""",0,,Z,,4.749,2461071.20322,EG AND,,STD,,,,
2461072.54375,7.2,,,Vis.,CKB,,70,73,X39573GQL,,,,Z,,,,EG AND,AAVSO,STD,,,,
2461072.65896,5.1549,0.0057,,I,WMOB,,000-BLF-412,000-BBB-991,X41715AHL,|VMAGINS=-15.0835|CMAGINS=-11.3487|CREFMAG=8.9700|CREFERR=0.0079|KMAGINS=-12.3254|KREFMAG=8.1160|KREFERR=0.0067,1,1.706,Z,-11.3487,-12.3254,None,EG And,AAVSO,STD,1,,,
2461072.66318,6.4417,0.0037,,R,WMOB,,000-BLF-412,000-BBB-991,X41715AHL,|VMAGINS=-15.2936|CMAGINS=-12.3505|CREFMAG=9.5490|CREFERR=0.0050|KMAGINS=-13.3635|KREFMAG=0.0000|KREFERR=0.0042,1,1.752,Z,-12.3505,-13.3635,None,EG And,AAVSO,STD,1,,,
2461072.66771,7.3271,0.0046,,V,WMOB,,000-BLF-412,000-BBB-991,X41715AHL,|VMAGINS=-14.6706|CMAGINS=-11.8509|CREFMAG=10.1710|CREFERR=0.0063|KMAGINS=-12.8901|KREFMAG=9.2000|KREFERR=0.0052,1,1.805,Z,-11.8509,-12.8901,None,EG And,AAVSO,STD,1,,,
2461072.67125,8.9317,0.0073,,B,WMOB,,000-BLF-412,000-BBB-991,X41715AHL,|VMAGINS=-13.2431|CMAGINS=-10.9389|CREFMAG=11.1530|CREFERR=0.0097|KMAGINS=-11.9807|KREFMAG=10.1900|KREFERR=0.0081,1,1.849,Z,-10.9389,-11.9807,None,EG And,AAVSO,STD,1,,,
2461073.64709,5.1905,0.0056,,I,WMOB,,000-BLF-412,000-BBB-991,X41715AHL,|VMAGINS=-15.0912|CMAGINS=-11.3965|CREFMAG=8.9700|CREFERR=0.0078|KMAGINS=-12.3534|KREFMAG=8.1160|KREFERR=0.0065,1,1.615,Z,-11.3965,-12.3534,None,EG And,AAVSO,STD,1,,,
2461073.65087,6.5178,0.0036,,R,WMOB,,000-BLF-412,000-BBB-991,X41715AHL,|VMAGINS=-15.2776|CMAGINS=-12.4201|CREFMAG=9.5490|CREFERR=0.0049|KMAGINS=-13.4221|KREFMAG=0.0000|KREFERR=0.0041,1,1.651,Z,-12.4201,-13.4221,None,EG And,AAVSO,STD,1,,,
2461073.65425,7.3582,0.0045,,V,WMOB,,000-BLF-412,000-BBB-991,X41715AHL,|VMAGINS=-14.7372|CMAGINS=-11.9354|CREFMAG=10.1710|CREFERR=0.0061|KMAGINS=-12.9659|KREFMAG=9.2000|KREFERR=0.0051,1,1.685,Z,-11.9354,-12.9659,None,EG And,AAVSO,STD,1,,,
2461073.65786,8.9388,0.0069,,B,WMOB,,000-BLF-412,000-BBB-991,X41715AHL,|VMAGINS=-13.3669|CMAGINS=-11.0606|CREFMAG=11.1530|CREFERR=0.0092|KMAGINS=-12.0890|KREFMAG=10.1900|KREFERR=0.0076,1,1.723,Z,-11.0606,-12.089,None,EG And,AAVSO,STD,1,,,
2461074.27153,7.3,,,Vis.,VATA,B,70,76,X36506HE,,,,Z,,,,EG AND,MCSE,STD,,,,
2461075.98056,7.2,,,Vis.,SANG,,7.0,7.3,x27432baw,,,,Z,,,,eg and,AAVSO,STD,,,,
2461076.19792,7.6,,,Vis.,MOSB,BUZ,7.0,7.6,x39596aaw,,,,Z,,,,eg and,AAVSO,STD,,,,
2461078.54722,7.2,,,Vis.,CKB,,70,73,X39573GQL,,,,Z,,,,EG AND,AAVSO,STD,,,,
2461083.5255,7.5,,,Vis.,BLUA,,73,76,13618AQYH,,,,Z,,,,EG And,AAVSO,STD,,,,
2461086.261,7.4,,,Vis.,SRBR,,NA,,NA,,,,Z,,,,EG AND,AAVSO,STD,,,,
2461087.55347,7.4,,,Vis.,CKB,,73,76,X39573GQL,,,,Z,,,,EG AND,AAVSO,STD,,,,
2461088.15278,7.6,,,Vis.,MOSB,,7.0,7.6,x39596aaw,,,,Z,,,,eg and,AAVSO,STD,,,,
2461089.2640,7.337,0.014,,V,VOL,,HD 3914,HD 3765,X27177DE,,1,1.47,Z,7.025,7.395,,EG AND,AAVSO,STD,,,,
2461089.2658,7.372,0.008,,V,VOL,,HD 3914,HD 3765,X27177DE,,1,1.48,Z,7.025,7.409,,EG AND,AAVSO,STD,,,,
2461090.23333,7.8,,,Vis.,VATA,,76,80,X36506HE,,,,Z,,,,EG AND,MCSE,STD,,,,
2461092.3368,7.4,,,Vis.,GZN,,70,76,X17295ABK,,,,Z,,,,EG AND,AAVSO,STD,,,,
2461093.3146,7.4,,,Vis.,GZN,,70,76,X17295ABK,,,,Z,,,,EG AND,AAVSO,STD,,,,
2461093.55486,7.4,,,Vis.,CKB,,73,76,X39573GQL,,,,Z,,,,EG AND,AAVSO,STD,,,,
2461094.3194,7.4,,,Vis.,GZN,,70,76,X17295ABK,,,,Z,,,,EG AND,AAVSO,STD,,,,
2461095.3111,7.4,,,Vis.,GZN,,70,76,X17295ABK,,,,Z,,,,EG AND,AAVSO,STD,,,,
2461096.96458,7.2,,,Vis.,SANG,B,7.0,7.3,x27432baw,,,,Z,,,,eg and,AAVSO,STD,,,,
2461097.2926,7.302,0.011,,V,VOL,,HD 3914,HD 3765,X27177DE,,1,1.91,Z,7.025,7.406,,EG AND,AAVSO,STD,,,,
2461100.55486,7.4,,,Vis.,CKB,,73,76,X39573GQL,,,,Z,,,,EG AND,AAVSO,STD,,,,
2461102.281,7.7,,,Vis.,SRBR,,NA,,NA,,,,Z,,,,EG AND,AAVSO,STD,,,,
2461105.25486,7.5,,,Vis.,VATA,,70,76,X36506HE,,,,Z,,,,EG AND,MCSE,STD,,,,
2461108.287,7.4,,,Vis.,SRBR,,NA,,NA,,,,Z,,,,EG AND,AAVSO,STD,,,,
2461112.55486,7.2,,,Vis.,CKB,,70,73,X39573GQL,,,,Z,,,,EG AND,AAVSO,STD,,,,
2461113.2606,7.245,0.017,,V,VOL,,HD 3914,HD 3765,X27177DE,,1,2.06,Z,7.025,7.372,,EG AND,AAVSO,STD,,,,
2461113.2614,7.304,0.014,,V,VOL,,HD 3914,HD 3765,X27177DE,,1,2.07,Z,7.025,7.347,,EG AND,AAVSO,STD,,,,
2461113.55903,7.2,,,Vis.,CKB,,70,73,X39573GQL,,,,Z,,,,EG AND,AAVSO,STD,,,,
2461114.28,7.5,,,Vis.,JLZ,,76,73,10256X,,,,Z,,,,EG AND,MCSE,STD,,,,
2461120.55903,7.2,,,Vis.,CKB,,70,73,X39573GQL,,,,Z,,,,EG AND,AAVSO,STD,,,,
2461162.95139,7.2,,,Vis.,CKB,,70,73,X39573GQL,,,,Z,,,,EG AND,AAVSO,STD,,,,
2461163.95278,7.2,,,Vis.,CKB,,70,73,X39573GQL,,,,Z,,,,EG AND,AAVSO,STD,,,,
2461170.55,7.4,,,Vis.,JLZ,,76,73,10256X,,,,Z,,,,EG AND,MCSE,STD,,,,
2461170.58125,7.4,,,Vis.,VATA,,70,76,X36506HE,,,,Z,,,,EG AND,MCSE,STD,,,,
2461172.925,7.2,,,Vis.,CKB,,70,73,X39573GQL,,,,Z,,,,EG AND,AAVSO,STD,,,,
2461174.94583,7.2,,,Vis.,CKB,,70,73,X39573GQL,,,,Z,,,,EG AND,AAVSO,STD,,,,
2461176.6326,7.4,,,Vis.,GZN,,70,76,X17295ABK,,,,Z,,,,EG AND,AAVSO,STD,,,,
2461180.6375,7.4,,,Vis.,GZN,,70,76,X17295ABK,,,,Z,,,,EG AND,AAVSO,STD,,,,
2461181.6340,7.4,,,Vis.,GZN,,70,76,X17295ABK,,,,Z,,,,EG AND,AAVSO,STD,,,,
2461182.6347,7.4,,,Vis.,GZN,,70,76,X17295ABK,,,,Z,,,,EG AND,AAVSO,STD,,,,
2461183.6410,7.4,,,Vis.,GZN,,70,76,X17295ABK,,,,Z,,,,EG AND,AAVSO,STD,,,,
2461186.92222,7.1,,,Vis.,CKB,,70,73,X39573GQL,,,,Z,,,,EG AND,AAVSO,STD,,,,
2461187.6201,7.5,,,Vis.,GZN,,70,76,X17295ABK,,0,,Z,,,None,EG And,AAVSO,STD,,,,
2461188.6174,7.5,,,Vis.,GZN,,70,76,X17295ABK,,0,,Z,,,None,EG And,AAVSO,STD,,,,
2461190.53681,7.8,,,Vis.,VATA,B,76,84,X36506HE,,,,Z,,,,EG AND,MCSE,STD,,,,
2461193.93056,6.9,,,Vis.,CKB,,69,70,X39573GQL,,,,Z,,,,EG AND,AAVSO,STD,,,,
2461197.6049,7.5,,,Vis.,GZN,,70,76,X17295ABK,,0,,Z,,,None,EG And,AAVSO,STD,,,,
2461198.5979,7.5,,,Vis.,GZN,,70,76,X17295ABK,,0,,Z,,,None,EG And,AAVSO,STD,,,,
2461199.5618,7.5,,,Vis.,GZN,,70,76,X17295ABK,,0,,Z,,,None,EG And,AAVSO,STD,,,,
2461200.5951,7.5,,,Vis.,GZN,,70,76,X17295ABK,,0,,Z,,,None,EG And,AAVSO,STD,,,,
2461201.5611,7.5,,,Vis.,GZN,,70,76,X17295ABK,,0,,Z,,,None,EG And,AAVSO,STD,,,,
2461202.566,7.5,,,Vis.,GZN,,70,76,X17295ABK,,0,,Z,,,None,EG And,AAVSO,STD,,,,
2461202.93819,6.9,,,Vis.,CKB,,69,70,X39573GQL,,,,Z,,,,EG AND,AAVSO,STD,,,,
2461203.5542,7.5,,,Vis.,GZN,,70,76,X17295ABK,,0,,Z,,,None,EG And,AAVSO,STD,,,,
2461207.6111,7.5,,,Vis.,GZN,,70,76,X17295ABK,,0,,Z,,,None,EG And,AAVSO,STD,,,,
2461208.5972,7.5,,,Vis.,GZN,,70,76,X17295ABK,,0,,Z,,,None,EG And,AAVSO,STD,,,,
2461218.54097,7.5,,,Vis.,VATA,,70,76,X36506HE,,,,Z,,,,EG AND,MCSE,STD,,,,
2461218.91458,6.9,,,Vis.,CKB,,69,70,X39573GQL,,,,Z,,,,EG AND,AAVSO,STD,,,,
2461219.48,7.5,,,Vis.,JLZ,,76,73,10256X,,,,Z,,,,EG AND,MCSE,STD,,,,
2461225.80903,7.2,,,Vis.,CKB,,70,73,X39573GQL,,,,Z,,,,EG AND,AAVSO,STD,,,,
2461231.87847,7.2,,,Vis.,CKB,,70,73,X39573GQL,,,,Z,,,,EG AND,AAVSO,STD,,,,
2461232.52292,7.5,,,Vis.,VATA,,70,76,X36506HE,,,,Z,,,,EG AND,MCSE,STD,,,,
